test,run,epoch,timeBaseline,timeNew
1,1,1,5.029714,13.808946
1,1,2,2.083266,6.190745
1,1,3,1.854707,5.526669
1,1,4,1.879913,5.388225
1,1,5,2.771230,8.723707
