test,run,epoch,timeBaseline,timeNew
1,1,1,4.819131,16.184849
1,1,2,2.033608,5.731852
1,1,3,1.789923,5.199866
